secstruct_mean,secstruct_max,number upstream,number downstream
0.439288917,0.9821,20,9
0.434341058,0.8801,7,1
0.4345267,0.996,23,0
0.427244584,0.9919,28,8
0.409283627,0.9895,8,16
0.3905733,0.9696,18,14
0.439197733,0.9946,14,19
0.418628212,0.9987,23,15
0.504809824,0.9526,0,0
0.512916625,0.9943,0,0
0.401114106,0.9943,17,4
0.434840554,0.9662,17,5
0.354522166,0.9439,10,17
0.395484887,0.9793,4,0
0.439379093,0.9302,23,7
0.423220907,0.9343,15,1
0.469503275,0.9809,12,0
0.353521411,0.9926,24,60
0.36550529,0.944,10,60
0.418165743,0.9342,23,0
0.424537028,0.9534,55,0
0.418607557,0.9963,17,0
0.403121411,0.9996,7,12
0.426782116,0.9942,15,0
0.420190176,0.9981,18,44
0.372425441,0.9717,11,21
0.420484131,0.9724,3,12
0.346229219,0.9346,6,20
0.372749874,0.9294,7,5
0.414608564,0.8872,2,5
0.325942317,0.9928,5,0
0.393656423,0.9416,12,30
0.391525189,0.9848,25,0
0.416042317,0.9909,5,48
0.434898992,0.995,24,8
0.412981864,0.9958,62,4
0.398336272,0.9725,103,0
0.454536524,0.9954,0,17
0.463335264,0.9981,95,24
0.391364736,0.976,9,0
0.465610076,0.9627,21,0
0.439140302,0.98,5,0
0.40339068,0.9292,14,11
0.364752393,0.9946,59,88
0.291327456,0.9836,16,78
0.366321914,0.9166,20,50
0.378638791,0.9975,68,33
0.360636776,0.9491,2,0
0.392176826,0.9826,0,2
0.41867733,0.9927,21,19
0.379509572,0.9396,0,1
0.374465995,0.9435,15,30
0.500064736,0.987,0,14
0.342176574,0.9964,33,16
0.381106549,0.992,21,5
0.376552897,0.9428,36,38
0.373012343,0.9976,34,22
0.34296272,0.9968,46,17
0.390014861,0.9395,19,4
0.360120403,0.9736,25,19
0.326161713,0.9759,0,0
0.374000252,0.9923,1,17
0.401923678,0.8418,21,43
0.421389673,0.9845,63,0
0.445411083,0.9784,0,1
0.433577078,0.9945,25,8
0.424156675,0.9447,4,34
0.417479345,0.9709,1,13
0.361332494,0.9971,35,2
0.429542317,0.9997,16,2
0.375607557,0.9933,24,3
0.410028715,0.9356,0,83
0.431010076,0.9736,107,0
0.453218892,0.9715,9,5
0.431407557,0.9992,40,6
0.434844332,0.9949,26,16
0.389577834,0.999,10,26
0.356007809,0.9858,25,15
0.439685642,0.996,0,6
0.427491436,0.9942,37,11
0.398853149,0.9274,0,0
0.479829471,0.9973,17,0
0.478529471,0.9948,34,0
0.426964232,0.9983,20,0
0.438333249,0.9765,14,0
0.46314131,0.8853,0,0
0.375053149,0.9962,36,5
0.418621662,0.9907,34,32
0.404669773,0.9922,0,47
0.426590428,0.9916,19,6
0.408027204,0.9902,3,0
0.430068766,0.9934,4,0
0.50088136,1,2,0
0.390636272,0.9915,2,15
0.438742821,0.9951,7,0
0.582162469,0.9989,14,58
0.439014861,0.9958,12,1
0.462636272,0.9982,19,13
0.449388413,0.9918,80,0
0.395992443,0.9149,8,0
0.405668262,0.902,86,0
0.374309572,0.9599,0,20
0.424261965,0.9774,24,0
0.442785894,0.9894,20,0
0.434703526,0.9846,6,8
0.365109068,0.9907,18,30
0.406280856,0.9557,32,0
0.427761461,0.9838,59,0
0.434524685,0.9709,17,0
0.391965995,0.9677,5,28
0.412867506,0.98,5,4
0.397848111,0.8639,33,6
0.416633753,0.9731,17,0
0.38900403,0.9392,11,21
0.415067003,0.9902,7,34
0.398725441,0.9108,17,2
0.508396474,0.9938,0,4
0.404212594,0.9633,23,57
0.419976322,0.9834,34,0
0.430045088,0.9264,0,6
0.425205793,0.9946,23,1
0.393618892,0.9286,50,61
0.398960957,0.9974,9,13
0.450167254,0.9983,48,8
0.424370025,0.9794,9,4
0.424735516,0.9996,8,5
0.417830479,0.8553,9,0
0.414760202,0.982,7,56
0.413434257,0.9998,20,17
0.433011839,0.992,0,35
0.507321159,0.9971,10,1
0.472801008,0.9872,15,0
0.428567758,0.9783,42,31
0.368578338,0.9584,5,57
0.502927708,0.962,5,0
0.496032997,0.9284,29,1
0.431275315,0.9777,19,0
0.446988413,0.9797,6,6
0.420210831,0.9987,11,43
0.356729975,0.9876,17,109
0.419207809,0.9179,4,17
0.449880605,0.9698,6,0
0.427740806,0.8942,22,5
0.472807809,0.9825,10,1
0.441388917,0.9455,6,39
0.381880101,0.9355,34,16
0.394110831,0.9221,18,0
0.457059446,0.9748,2,18
0.443121411,0.9724,0,6
0.401828463,0.9908,31,15
0.41833073,0.9291,0,0
0.396098489,0.9939,57,0
0.358823678,0.9849,73,0
0.358813602,0.9604,0,53
0.424975567,0.9029,9,1
0.389568514,0.9192,5,22
0.430476071,0.941,0,0
0.442493703,0.973,0,0
0.383956927,0.9918,54,10
0.383917128,0.9782,65,10
0.375714106,0.9962,10,20
0.40847204,0.9327,43,8
0.360691184,0.9978,98,51
0.423948615,0.9956,0,54
0.44820932,0.9893,43,13
0.366551134,0.9978,37,11
0.402048866,0.9963,18,14
0.426930479,0.927,3,17
0.408353401,0.9925,0,15
0.501356423,0.9948,6,0
0.486397733,0.9965,12,1
0.395736272,0.9489,24,8
0.455452897,0.9805,0,0
0.404294962,0.9821,20,10
0.430024685,0.982,39,9
0.405181612,0.8525,24,0
0.421201511,0.9971,1,42
0.448647355,0.9935,7,0
0.450467506,0.9416,13,21
0.428340302,0.9797,25,5
0.427403275,0.9751,0,6
0.424869773,0.9995,8,32
0.397900504,0.9742,19,0
0.388063476,0.9326,10,9
0.394962469,0.9688,34,0
0.424771537,0.9796,15,3
0.43023073,0.9631,29,21
0.39993602,0.9028,42,18
0.439608816,0.9803,18,0
0.402450882,0.9598,6,33
0.448389924,0.9953,35,51
0.49769597,0.9906,51,13
0.427295466,0.9785,4,3
0.415712091,0.999,15,1
0.366908312,0.9677,16,16
0.436611335,0.9967,16,0
0.478153652,0.9971,11,0
0.420178841,0.9997,3,7
0.411341562,0.9934,6,9
0.430251385,0.9888,8,9
0.401997481,0.9401,21,31
0.388034509,0.99,40,24
0.375274055,0.9138,40,64
0.421250882,0.9946,68,10
0.44897204,0.8972,6,13
0.440028463,0.9862,26,0
0.366911587,0.9953,2,16
0.394173804,0.9936,7,14
0.415086902,0.9793,0,30
0.410792443,0.9975,30,34
0.43644534,0.9462,0,40
0.384428967,0.9476,34,97
0.365763476,0.9993,25,34
0.409369018,0.9988,14,34
0.389620907,0.9774,1,19
0.426360202,0.9644,8,7
0.419988413,0.9998,25,19
0.410843577,0.9998,12,35
0.373385642,0.9994,45,55
0.391197481,0.9903,14,124
0.407293451,0.9969,10,9
0.424947355,0.9915,0,0
0.451157179,0.9426,19,13
0.391327708,0.9827,0,0
0.429375063,0.9917,10,14
0.392235516,0.9959,16,31
0.412747355,0.9615,35,0
0.379279345,0.9999,15,2
0.393355164,0.9994,7,0
0.461323426,0.9919,15,2
0.448355919,0.9509,8,0
0.403630982,0.8967,16,0
0.418021662,0.9889,17,0
0.415935768,0.9891,6,10
0.413050882,0.9897,0,29
0.403010831,0.9686,20,4
0.332473804,0.9997,31,5
0.400686902,0.9829,72,8
0.506497481,0.9832,7,17
0.391968262,0.9989,39,14
0.438817128,0.928,17,19
0.334711839,0.9297,77,4
0.398673048,0.8677,23,20
0.425237531,0.9971,0,1
0.445201511,0.9999,9,0
0.387207809,0.9989,11,7
0.3571733,0.9906,6,1
0.460653904,0.9952,18,0
0.435636272,0.9638,0,0
0.445206297,0.9873,0,0
0.376802015,0.9899,13,21
0.424692191,0.9941,0,6
0.481276826,0.9694,12,0
0.361601259,0.9995,8,90
0.349020655,0.9751,35,24
0.351997985,0.9884,26,39
0.424445088,0.9835,1,10
0.343751385,0.9999,87,22
0.388888665,0.9145,0,1
0.421866247,0.9813,0,0
0.363199244,0.9976,11,50
0.410160202,0.9613,6,18
0.371629219,0.9319,7,11
0.380279849,0.9632,13,0
0.462227708,0.9836,6,0
0.456098992,0.978,24,0
0.361938539,0.9882,26,10
0.403699496,0.9789,7,0
0.412965491,0.9984,20,15
0.386846851,0.9828,1,0
0.401968262,0.8363,0,16
0.380251889,0.8913,35,27
0.382639295,0.9594,7,3
0.448346599,0.9092,6,0
0.464642317,0.9837,33,14
0.419057431,0.9795,2,27
0.410893199,0.9711,68,38
0.484802015,0.9308,11,0
0.39420932,0.9689,9,1
0.43243073,0.9801,3,17
0.440092695,0.9905,20,20
0.419506801,0.9221,10,14
0.432910327,0.9912,21,10
0.414535264,0.9554,0,16
0.386527204,0.9975,9,10
0.38964534,0.9997,15,28
0.453132746,0.9905,10,0
0.445212594,0.9843,60,12
0.486207305,0.9915,12,15
0.439858186,0.9821,16,7
0.413251134,0.9955,20,0
0.405973048,0.9958,0,4
0.500024685,0.996,23,0
0.426819647,0.9087,37,0
0.419878338,0.9968,5,45
0.395019144,0.9939,3,22
0.443411335,0.9692,8,9
0.412295718,0.9977,8,15
0.37253073,0.9566,14,0
0.433874307,0.9877,18,60
0.413973048,0.9298,14,2
0.359427456,0.9443,52,14
0.406027204,0.989,2,9
0.424974811,0.8656,0,24
0.463985139,0.9781,30,0
0.545891436,0.9947,0,0
0.381555416,0.9776,0,16
0.4836267,0.9882,5,19
0.404513854,0.9509,8,31
0.410794207,0.986,13,0
0.464147355,0.9999,0,101
0.487968514,0.9992,0,25
0.434127204,0.8951,16,0
0.411524685,0.9521,72,0
0.462281864,0.9761,0,6
0.431182872,0.9816,39,3
0.393545088,0.8401,0,5
0.429983375,0.9645,2,9
0.401002771,0.9825,9,44
0.435348866,0.9024,4,0
0.394958438,0.8774,5,26
0.406267003,0.9733,0,10
0.45562796,0.9749,0,12
0.402140554,0.988,20,9
0.374378338,0.998,59,54
0.427287657,0.9993,8,12
0.420914861,0.9972,9,12
0.371746851,0.883,26,4
0.349051134,0.9982,27,10
0.390436776,0.9956,23,18
0.362850126,0.9557,26,0
0.325792695,0.9959,0,10
0.4219267,0.9853,7,0
0.383337783,0.8746,10,4
0.415596222,0.9941,4,2
0.39203602,0.98,13,32
0.437108564,0.9874,0,11
0.408302267,0.9881,77,8
0.395760202,0.9826,0,14
0.35595466,0.9683,5,23
0.459384887,0.9828,2,0
0.34461461,0.9439,83,114
0.435162972,0.9331,5,5
0.413516373,0.9975,9,8
0.3744733,0.975,2,6
0.440900252,0.9909,1,12
0.377540302,0.9922,1,0
0.416601008,0.9546,22,19
0.349259194,0.9991,0,6
0.406392443,0.998,57,4
0.399715365,0.9815,28,41
0.402533249,0.9024,28,44
0.380712343,0.9166,24,74
0.423834761,0.975,80,61
0.365644584,0.947,2,28
0.446684887,0.9855,0,7
0.418161209,0.9767,5,13
0.451730479,0.9965,31,13
0.428513854,0.8915,13,0
0.398852141,0.998,12,0
0.46624534,0.9941,66,0
0.360732997,0.9991,0,0
0.431005793,0.9706,20,29
0.431750882,0.9974,8,0
0.420353401,0.9934,12,0
0.401407053,0.9994,5,11
0.404579597,0.9994,0,1
0.491336524,0.9998,10,0
0.409711839,0.9302,30,21
0.491842569,0.9999,17,0
0.502808312,0.9933,5,0
0.519288413,0.96,0,8
0.491432746,0.9723,27,13
0.464398237,0.9781,37,13
0.355956675,0.9971,14,20
0.405359446,0.9994,41,1
0.384013602,0.971,0,32
0.397641058,0.9938,92,12
0.429048866,0.9362,13,5
0.394478589,0.8528,15,7
0.50485995,0.9991,25,81
0.413590428,0.9754,5,2
0.405345088,0.9754,23,0
0.354840302,0.8407,48,10
0.377847607,0.8048,5,0
0.388708564,0.9683,17,22
0.406696474,0.9809,13,0
0.507869521,0.975,15,0
0.424621159,0.9835,8,5
0.412239547,0.9799,14,0
0.457634257,0.9791,0,2
0.413380605,0.9994,0,14
0.419693451,0.9869,4,0
0.461637028,0.9725,12,5
0.403710831,0.9706,5,14
0.419603275,0.9869,25,7
0.375912594,0.9959,16,7
0.435779849,0.9727,26,3
0.435493955,0.9721,0,28
0.40284005,0.928,5,0
0.398497481,0.9969,10,6
0.384016625,0.9737,0,10
0.382570277,0.9613,0,77
0.355293451,0.9442,0,12
0.38661738,0.9082,0,0
0.453915869,0.9793,14,0
0.378027456,0.9208,39,2
0.317025945,0.9564,6,24
0.359811083,0.9872,21,15
0.470543073,0.9813,0,0
0.397009824,0.9906,0,47
0.351163224,0.9822,9,0
0.4142,1,8,6
0.385843073,0.9895,32,0
0.47209194,0.9771,14,4
0.398000252,0.9778,0,0
0.371912343,0.994,1,24
0.384374559,0.9823,30,0
0.358070277,0.9849,18,35
0.346279093,0.9834,15,11
0.382850126,0.9919,15,111
0.449551637,0.9984,7,0
0.460475819,0.9985,0,0
0.478689421,0.9858,0,0
0.493634509,0.9751,0,0
0.430112091,0.942,0,15
0.445256927,0.987,7,4
0.489736776,0.9586,5,0
0.418448866,0.9876,6,82
0.463243829,0.9464,15,0
0.39830806,0.9813,14,1
0.451835013,0.9535,6,0
0.405431486,0.964,31,9
0.431002015,0.9896,21,2
0.421675315,0.9994,7,31
0.399910579,0.9832,39,5
0.453616877,0.8327,15,0
0.391257683,0.9819,10,7
0.417593955,0.8654,19,0
0.406624433,0.9867,26,0
0.399656171,0.9843,8,30
0.32784937,0.849,14,14
0.438822166,0.9815,23,0
0.440902267,0.9912,0,4
0.529082368,0.999,10,0
0.346979345,0.9986,21,7
0.415675315,0.975,12,4
0.379400252,0.9721,14,5
0.377659446,0.9979,22,15
0.447516373,0.9577,12,0
0.431900504,0.9621,20,7
0.36857204,0.9805,37,37
0.382435013,0.9771,0,8
0.367560705,0.9776,22,0
0.434925693,0.9845,0,5
0.383324181,0.9745,33,0
0.344348363,0.9721,23,32
0.420630982,0.9605,25,10
0.41831461,0.9212,33,34
0.380908816,0.904,51,0
0.421530479,0.9814,2,0
0.360774811,0.99,40,0
0.425611335,0.9995,41,5
0.377741814,0.9527,60,8
0.358619647,0.9799,29,130
0.375542317,0.8556,9,17
0.43363728,0.9975,6,0
0.396416373,0.9994,25,6
0.439449118,0.9985,82,0
0.359448363,0.9834,42,50
0.489402771,0.9912,21,0
0.370736776,0.8945,13,20
0.439477582,0.9909,7,0
0.405229219,0.9849,26,2
0.389447859,0.9847,80,14
0.360602519,0.883,3,21
0.475013602,0.9965,12,0
0.374151385,0.9898,82,31
0.418594962,0.9936,28,8
0.404302771,0.9808,0,8
0.354442317,0.9963,100,53
0.387828715,0.9666,50,7
0.390007305,0.9996,0,10
0.479180101,0.9955,0,0
0.375418892,0.9984,9,9
0.465839043,0.9967,0,0
0.4795733,0.9718,11,11
0.424531738,0.9992,13,0
0.421636272,0.9995,16,5
0.367407557,0.9851,13,0
0.353881108,0.9923,94,16
0.434938287,0.9852,28,0
0.446382872,0.9871,4,2
0.451981612,0.983,2,22
0.39209068,0.98,92,20
0.465227204,0.9919,0,17
0.352892695,0.8198,51,8
0.392926952,0.9824,14,4
0.396354912,0.9983,11,30
0.364306297,0.9912,41,2
0.397192443,0.9995,51,13
0.426860202,0.9892,0,0
0.471829975,0.9879,0,24
0.312622166,0.9731,56,10
0.436630227,0.8952,0,5
0.42903073,0.9718,33,0
0.409930227,0.9942,10,0
0.385336524,0.9551,73,52
0.403725945,0.9957,18,4
0.263620655,0.9963,46,0
0.413827456,0.9953,13,19
0.318799244,0.9725,0,9
0.705734509,0.9996,0,0
0.394266499,0.9883,0,0
0.393990428,0.9866,10,10
0.390905038,0.997,0,0
0.400840554,0.9992,25,0
0.460732242,0.9562,0,0
0.428726952,0.8936,6,0
0.417356171,0.9839,23,45
0.384038035,0.9972,5,20
0.40799597,0.9543,4,13
0.395875819,0.9818,6,30
0.429229723,0.9585,22,11
0.37076927,0.912,2,7
0.43283602,0.9661,22,0
0.464141562,0.9795,15,31
0.412068514,0.9443,4,11
0.396811335,0.9943,7,0
0.440043325,0.9881,40,0
0.452784887,0.9709,12,14
0.496424685,0.9723,8,9
0.41434005,0.9923,4,0
0.450252141,0.9963,0,27
0.432950882,0.9812,0,5
0.440961209,0.9818,0,5
0.461734005,0.9992,13,5
0.401838035,0.9996,25,13
0.362783627,0.9996,21,13
0.385932997,0.9852,6,23
0.421454408,0.9699,0,5
0.452903275,0.9966,13,21
0.443875567,0.9675,48,3
0.46515466,0.9765,8,24
0.459425945,0.9861,0,24
0.493567758,0.9756,15,5
0.425383879,0.8845,10,0
0.435115113,0.9731,0,0
0.406848363,0.9853,1,5
0.47503199,0.9794,9,0
0.434120655,0.8971,22,14
0.439727456,0.9764,0,6
0.382459194,0.941,0,3
0.426169521,0.964,0,10
0.369710579,0.9083,10,25
0.486763728,0.9581,22,0
0.434070529,0.9513,31,16
0.429260957,0.9973,7,76
0.484516877,0.9616,0,20
0.387151134,0.9312,34,7
0.426753904,0.9755,16,7
0.437955919,0.9992,2,1
0.42743073,0.8336,0,9
0.445473804,0.9406,44,0
0.47662267,0.9619,0,12
0.367670529,0.9558,67,18
0.390063224,0.9943,14,8
0.421887406,0.9675,5,9
0.395270529,0.997,36,0
0.415517128,0.9848,12,0
0.412443073,0.9781,23,6
0.349003275,0.9043,20,6
0.36073073,0.9112,18,15
0.411277834,0.9946,5,7
0.416347355,0.9987,4,0
0.345572796,0.9948,46,5
0.449304282,0.9996,10,14
0.372560957,0.9001,33,24
0.423226448,0.9914,4,51
0.41335466,0.9338,0,8
0.406438287,0.9957,8,10
0.405521914,0.971,12,16
0.39590806,0.9098,13,6
0.411433249,0.9996,13,7
0.395114358,0.895,8,1
0.413511839,0.9007,1,6
0.348944836,0.9861,19,0
0.466953401,0.9927,39,96
0.418887657,0.9815,21,5
0.432550378,0.9755,21,9
0.391602519,0.9584,50,1
0.437315113,0.9979,6,17
0.39812796,0.9683,28,0
0.390728463,0.9928,22,12
0.442080856,0.9986,17,3
0.456658186,0.9987,3,1
0.456131738,0.998,0,6
0.47083728,0.9971,0,19
0.443932997,0.9421,13,10
0.456633753,0.9982,9,21
0.362776574,0.9812,0,15
0.363595718,0.969,19,0
0.387601763,0.9874,32,0
0.385887657,0.9901,39,92
0.407086902,1,20,1
0.439184635,0.9958,13,8
0.442716625,0.9977,5,8
0.43813728,0.989,18,0
0.483391184,0.9447,3,34
0.426497733,0.9842,10,6
0.367184383,0.988,27,9
0.434459194,0.9773,15,7
0.407205038,0.9992,4,40
0.433639043,0.9695,6,0
0.435720655,0.9922,21,16
0.396823426,0.9761,9,8
0.447729975,0.9964,0,10
0.393572292,0.8952,14,23
0.421445592,0.9764,4,0
0.418431234,0.9886,4,0
0.335462469,0.998,35,29
0.418034509,0.994,24,5
0.326906045,0.9227,26,36
0.448565743,0.9607,0,6
0.417060202,0.9729,56,5
0.3903,0.9982,15,7
0.392555416,0.989,6,17
0.435912846,0.8852,0,6
0.395295214,0.9925,5,5
0.436390176,0.9733,15,0
0.445454156,0.9826,20,8
0.402852141,0.8438,11,0
0.381824433,0.9562,62,25
0.443849622,0.9494,9,0
0.432085642,0.9738,6,17
0.442384383,0.9663,0,10
0.373989169,0.8754,23,85
0.431331486,0.9884,7,8
0.402032746,0.9825,27,2
0.417565743,0.9982,1,17
0.394092947,0.9497,15,0
0.460855164,0.9828,11,5
0.324468514,0.9997,15,32
0.483061965,0.9896,5,1
0.361887909,0.9332,5,8
0.391787406,0.9541,34,44
0.418657179,0.9254,0,0
0.362366247,0.9516,14,41
0.379547607,0.9265,7,7
0.396705793,0.9918,10,0
0.44361335,0.997,18,14
0.374765491,0.9824,30,12
0.34223199,0.8886,15,0
0.396204786,0.9634,17,2
0.401281864,0.9918,0,16
0.428836776,0.9729,0,3
0.397021159,0.9869,10,0
0.385325693,0.9684,15,0
0.411471537,0.9369,31,6
0.428171285,0.9949,0,0
0.416604534,0.9924,21,4
0.399324181,0.9688,54,4
0.400320151,0.999,13,16
0.395540554,0.9848,35,0
0.418230227,0.9953,21,5
0.38783199,0.9356,0,12
0.43624005,0.9931,76,0
0.390235768,0.9961,37,0
0.382179093,0.9931,41,32
0.390224433,0.9292,8,1
0.39533073,0.9846,8,0
0.432223426,0.9755,17,9
0.386401511,0.9858,10,27
0.386896977,0.9995,37,0
0.4778,0.9697,56,1
0.465296474,0.9976,19,26
0.458297985,0.9787,10,0
0.42625063,0.9983,1,0
0.435056423,0.9983,15,13
0.441898489,0.961,1,0
0.376914861,0.9958,14,11
0.487770277,0.994,0,0
0.526558942,0.9962,0,14
0.610711839,0.9957,0,0
0.418123174,0.9684,48,33
0.449701259,0.9889,13,0
0.37768262,0.9954,34,31
0.390089421,0.9777,11,23
0.370155919,0.9828,11,21
0.382892695,0.9467,22,3
0.405894962,0.9919,0,18
0.33114005,0.9754,19,9
0.526580353,0.9972,4,0
0.408779849,0.9877,0,10
0.438424181,0.9942,0,14
0.431085894,0.9703,115,36
0.396604786,0.9293,5,13
0.39626272,0.9584,18,6
0.423876574,0.9597,0,9
0.418699748,0.9313,8,11
0.462501259,0.9662,5,0
0.419701008,0.9893,0,1
0.476577582,0.9913,4,0
0.375625693,0.9968,23,29
0.398348615,0.9978,23,3
0.423767003,0.9823,12,0
0.432475567,0.9332,36,0
0.399422166,0.9569,0,19
0.409448866,0.9906,4,17
0.445917128,0.9918,0,6
0.409912846,0.9935,5,0
0.44012796,0.993,6,3
0.462452645,0.9801,8,7
0.377822922,0.9455,7,38
0.450228212,0.985,16,0
0.361338287,0.9995,47,24
0.532688413,0.9886,4,8
0.500398741,0.9993,0,114
0.452214106,0.9919,25,0
0.426801008,0.9862,10,9
0.43508136,0.9899,14,4
0.353272292,0.9864,20,3
0.416850882,0.9455,22,0
0.430364484,0.9348,67,0
0.414661965,0.9974,7,1
0.467333249,0.9927,5,6
0.393843073,0.9909,11,6
0.424090932,0.9999,21,0
0.406402771,0.9474,0,0
0.43664937,0.9965,2,17
0.402377582,0.9988,0,8
0.514108816,0.9807,0,0
0.409716877,0.9284,13,5
0.369732746,0.9848,11,0
0.42070806,0.9958,15,0
0.576587406,0.989,0,0
0.572012091,0.9833,0,0
0.61682796,0.9712,0,0
0.614751385,0.9644,0,0
0.422830982,0.9599,15,0
0.390185894,0.965,43,0
0.412871537,0.9953,11,6
0.433837028,0.9185,19,0
0.395924433,0.9952,20,30
0.426213098,0.9688,6,78
0.401789924,0.9943,4,8
0.419522418,0.9988,30,12
0.439295718,0.9988,12,0
0.39749471,0.9942,58,5
0.395889673,0.9788,56,10
0.394033501,0.9988,10,9
0.434292191,0.9656,4,22
0.435752393,0.9587,0,1
0.539667003,0.9966,42,96
0.429866247,0.9161,51,10
0.335421411,0.9588,40,55
0.273645844,0.9898,40,12
0.437388917,0.9961,12,8
0.402964232,0.973,12,0
0.392555919,0.9917,0,47
0.395415113,0.9954,4,6
0.342848111,0.9971,0,56
0.342274307,0.9908,27,12
0.377081108,0.9745,3,0
0.365242821,0.9045,47,36
0.472634761,0.9753,9,0
0.453499748,0.999,0,0
0.370970781,0.977,27,34
0.428035768,0.9643,5,0
0.401469521,0.9393,9,5
0.390067758,0.8662,19,11
0.391770277,0.955,67,19
0.434272292,0.9848,0,1
0.424244836,0.9612,0,36
0.394664232,0.9643,22,2
0.425121914,0.9565,3,15
0.393871033,0.9672,0,11
0.468580101,0.9509,21,0
0.347773804,0.9893,74,84
0.427163728,0.9235,0,0
0.431561461,0.9414,0,0
0.420943829,0.9926,15,0
0.460380101,0.8627,5,0
0.404498741,0.9712,16,6
0.351321662,0.9949,44,30
0.378017128,0.9536,23,23
0.356393955,0.9526,23,23
0.419014861,0.9625,7,13
0.385942065,0.9663,8,0
0.454501763,0.9779,5,5
0.45932796,0.9903,5,6
0.426094962,0.8996,0,14
0.397787657,0.9474,6,17
0.431702519,0.9951,2,16
0.367957935,0.9298,23,35
0.356624433,0.9525,30,9
0.358740302,0.948,32,0
0.380280353,0.9983,19,17
0.344808564,0.9512,59,19
0.485130479,0.9436,9,0
0.368664484,0.9927,51,0
0.39384131,0.9705,32,0
0.368890428,0.977,0,0
0.406579849,0.9625,20,25
0.473907809,0.9733,6,0
0.398966751,0.8607,4,0
0.422232494,0.9773,0,18
0.420274559,0.956,12,4
0.385110579,0.9973,55,12
0.430309068,0.9991,19,43
0.37346801,0.937,0,34
0.490521914,0.9743,24,0
0.376165491,0.9975,21,29
0.429663224,0.9783,6,13
0.393043577,0.914,9,8
0.422898741,0.9924,21,0
0.389754408,0.9714,22,15
0.418530982,0.9888,11,15
0.436867254,0.9887,0,11
0.422443325,0.992,8,11
0.395447859,0.9846,24,84
0.355835013,0.9979,62,33
0.40744131,0.9983,22,2
0.389549874,0.9899,5,1
0.428085894,0.9973,1,20
0.422746096,0.983,20,7
0.457670529,0.9826,2,7
0.404185894,0.9987,1,24
0.420690176,0.9964,21,7
0.370534761,0.9997,16,0
0.401155164,0.9722,0,39
0.432710579,0.9777,0,0
0.405964232,0.9997,19,1
0.404266499,0.9945,11,25
0.349772796,0.9748,16,6
0.436248866,0.9393,6,4
0.38606927,0.9722,8,4
0.402660705,0.9647,6,2
0.391621411,0.9976,36,29
0.399804786,0.9927,23,0
0.500754912,0.9756,20,0
0.388309572,0.9919,18,0
0.44307733,0.9975,9,12
0.405240806,0.9053,6,31
0.386957179,0.9878,34,4
0.401319395,0.999,0,8
0.394968766,0.8981,0,4
0.393753149,0.9951,11,33
0.387956171,0.989,2,25
0.391159698,0.9993,0,6
0.397513602,0.9425,0,6
0.434656675,0.9675,10,0
0.398418388,0.9799,2,25
0.385189673,0.9715,0,0
0.400913602,0.9732,26,0
0.39923199,0.9947,23,4
0.452601008,0.9878,11,52
0.375950126,0.8972,30,8
0.38887204,0.9418,13,7
0.403523929,0.9843,13,0
0.390560957,0.9738,27,20
0.461866499,0.9825,3,0
0.425374307,0.9403,7,5
0.359328212,0.9899,16,8
0.414651385,0.9971,6,0
0.370360202,0.9899,18,4
0.435761965,0.9369,3,24
0.392785894,0.9903,4,6
0.442071033,0.9813,22,13
0.480938791,0.9996,9,0
0.414320907,0.9999,0,12
0.354029219,0.906,6,11
0.395342065,0.9213,6,18
0.455071285,0.9692,4,7
0.370420907,0.9851,89,22
0.379395718,0.9672,22,11
0.398594458,0.8817,22,0
0.368205542,0.981,0,2
0.397885642,0.9701,0,2
0.407521914,0.9619,28,3
0.465626448,0.9727,4,0
0.47653199,0.9814,22,9
0.396009572,0.904,24,0
0.369458186,0.9685,18,6
0.32831738,0.9982,9,0
0.33495869,0.9459,67,7
0.359447859,0.9081,37,23
0.393137028,0.9647,31,14
0.512433249,0.9965,0,17
0.50113199,0.9964,0,0
0.480901008,0.9923,11,0
0.418850882,0.9759,18,1
0.43016272,0.985,7,13
0.376892443,0.925,45,0
0.415716625,0.995,11,13
0.38801461,0.9896,20,0
0.419362217,0.9797,20,7
0.47100932,0.983,10,0
0.359035264,0.8191,13,58
0.446171537,0.9923,6,7
0.424984887,0.9998,17,8
0.364619647,0.943,21,12
0.410225189,0.9561,13,7
0.421688917,0.9948,8,0
0.399263224,0.9969,22,24
0.421737531,0.9982,45,9
0.424862217,0.9909,23,40
0.387394207,0.9987,7,4
0.402979849,0.9382,0,9
0.383986902,0.9274,18,25
0.420546096,0.9603,24,18
0.400585894,0.9503,1,0
0.46139471,0.9993,53,5
0.437313098,0.9916,6,8
0.371635264,0.96,42,10
0.329807053,0.9864,24,0
0.430638287,0.9775,5,1
0.380850882,0.9867,23,68
0.441898489,0.9742,4,51
0.414348363,0.9935,42,7
0.438625441,0.9873,8,10
0.392556927,0.9905,11,40
0.440219395,0.9851,10,0
0.394496222,0.9919,13,9
0.375939295,0.8413,41,32
0.432452141,0.9686,5,0
0.370492443,0.9814,54,7
0.368398992,0.9995,9,37
0.443259698,0.9989,14,0
0.485474811,0.9926,0,0
0.371860202,0.988,22,3
0.442247355,0.9987,4,0
0.425067254,0.8981,9,0
0.398655919,0.9027,24,8
0.393110579,0.9278,8,0
0.371219144,0.9661,13,26
0.350529723,0.9817,37,2
0.364479849,0.9955,8,93
0.403931234,0.9612,20,33
0.394688161,0.9571,20,0
0.378273048,0.9582,21,16
0.427806045,0.9529,9,10
0.376022922,0.9532,45,33
0.438262217,0.9948,10,0
0.41443602,0.997,8,0
0.377614106,0.9611,11,0
0.416038035,0.9891,24,8
0.468450882,0.971,0,0
0.408595466,0.859,47,23
0.428992191,0.9661,1,11
0.401135516,0.8733,23,0
0.436915869,0.9941,7,14
0.352652141,0.9499,14,4
0.387376574,0.9819,19,9
0.391433753,0.9908,19,37
0.453929471,0.913,0,0
0.377214358,0.9945,38,23
0.614950378,0.991,0,19
0.363448363,0.9992,41,10
0.402848111,0.9907,0,17
0.438382872,0.9663,6,0
0.468942065,0.9051,0,6
0.369923678,0.9961,4,4
0.378137531,0.9493,114,54
0.440379345,0.9322,17,8
0.401772796,0.9838,0,6
0.404074559,0.9821,0,16
0.386660453,0.9189,10,3
0.415338791,0.9185,0,0
0.426481108,0.9413,48,12
0.43364005,0.9813,17,15
0.411820907,0.9804,26,10
0.411640302,1,7,22
0.398442569,0.9914,10,17
0.385025189,0.9891,9,0
0.459884131,0.9932,7,0
0.420168514,0.9979,0,3
0.402142317,0.9601,5,21
0.365721662,0.9434,18,23
0.402721662,0.9699,7,12
0.386953652,0.9997,20,39
0.469475819,0.9938,9,0
0.399138035,0.9927,6,5
0.409059194,0.9961,39,9
0.498917632,0.9827,9,0
0.357001763,0.9848,21,24
0.398180353,0.9869,26,0
0.394572796,0.9594,0,0
0.334043073,0.9645,32,59
0.377987406,0.9889,8,5
0.434112846,0.9922,0,0
0.365989169,0.9864,2,22
0.438219647,0.9782,9,18
0.471589169,0.9935,7,0
0.422226196,0.9991,1,6
0.410924937,0.9186,0,3
0.517621914,0.9794,1,0
0.410631234,0.7966,10,2
0.482853149,0.9948,4,10
0.396285894,0.9899,5,7
0.416497481,0.9947,8,1
0.467041814,0.9499,8,0
0.392974307,0.9966,32,13
0.460766499,0.9942,21,0
0.425347103,0.9848,0,4
0.36267204,0.9987,24,12
0.384685894,0.9411,6,88
0.376543325,0.9884,0,12
0.433305038,0.9978,4,0
0.387992191,0.9715,2,8
0.424710831,0.9672,11,33
0.416674307,0.9821,23,27
0.412052141,0.9511,0,14
0.437880353,0.9599,56,0
0.385475819,0.8282,38,58
0.471762217,0.9565,46,2
0.436079345,0.948,1,0
0.350288917,0.936,19,19
0.398794458,0.9756,9,0
0.48043073,0.9946,0,0
0.429464484,0.9775,12,74
0.381856423,0.9912,0,43
0.469116121,0.9979,6,0
0.422381108,0.998,32,23
0.526238035,0.9969,0,0
0.383051637,0.9963,10,26
0.395616877,0.9906,9,20
0.478842569,0.9851,9,0
0.448930479,0.9816,0,14
0.428935768,0.9925,2,11
0.506470781,0.9787,0,8
0.41073602,0.9875,42,0
0.458085642,0.9806,20,7
0.452199244,0.9685,7,12
0.383345592,0.9924,2,22
0.423793199,0.9984,17,0
0.359212846,0.9882,4,0
0.340942821,0.9749,53,30
0.425475567,1,30,7
0.380516121,0.9968,26,23
0.412617632,0.9315,26,22
0.352035516,0.9085,60,25
0.459467758,0.9958,10,0
0.412944836,0.9885,28,0
0.3872,0.9933,1,14
0.453764987,0.959,22,0
0.470668514,0.9752,6,0
0.372128463,1,18,41
0.383165491,0.999,17,22
0.44381335,0.9918,5,5
0.440623929,0.9902,10,0
0.386264987,0.9332,16,12
0.394848111,0.971,14,1
0.345049874,0.9964,4,15
0.422764484,0.9493,40,13
0.264671537,0.9481,54,105
0.387249118,0.8661,2,0
0.405515617,0.9867,17,5
0.477334257,0.9804,7,16
0.379453652,0.9807,18,12
0.383395718,0.9786,30,12
0.322107557,0.9983,83,30
0.381888665,0.8293,0,2
0.431377078,0.9948,2,0
0.476128212,0.879,0,8
0.331823174,0.966,98,9
0.371827708,0.9378,108,79
0.419632242,0.995,9,12
0.375532746,0.9937,44,47
0.403528967,0.9879,0,55
0.361583627,0.9908,17,10
0.40441461,0.9851,0,9
0.397957431,0.9793,0,0
0.384174055,0.9794,24,0
0.411395466,0.947,5,0
0.38336272,0.9908,6,3
0.354715869,0.9984,43,20
0.436484635,0.9948,15,10
0.452208816,0.9797,6,0
0.404672544,0.9582,17,7
0.473488413,0.9959,11,8
0.42313199,0.9877,17,5
0.389445844,0.9932,0,78
0.396857683,0.9964,44,8
0.416010076,0.8576,7,4
0.436725693,0.8597,4,0
0.384941562,0.9964,16,4
0.398107053,0.8978,17,14
0.445617632,0.9757,9,12
0.364057683,0.9514,6,14
0.411663224,0.9814,11,6
0.343545844,0.9862,39,34
0.423603526,1,31,0
0.404779597,0.9189,19,22
0.34158539,0.9795,22,26
0.442161713,0.9896,14,26
0.434012846,0.9619,10,46
0.366889169,0.9467,66,7
0.445804534,0.9157,0,0
0.42182796,0.9994,0,8
0.418995214,0.9951,0,5
0.387114861,0.9851,1,8
0.35919068,0.9149,26,8
0.389771537,0.9977,5,35
0.362295214,0.9999,37,10
0.401056675,0.9194,48,28
0.424522418,0.9873,17,6
0.428672544,0.9959,0,33
0.38115466,0.9932,24,44
0.428169018,0.9558,9,0
0.441434761,0.9935,34,23
0.424914861,0.9721,6,0
0.420414861,0.9853,8,0
0.413859446,0.9695,20,5
0.358450378,0.9412,32,21
0.402044081,0.9803,26,18
0.46041461,0.976,0,0
0.393283123,0.969,7,6
0.386866751,0.9912,3,6
0.458495466,0.9867,5,12
0.453011335,0.9979,10,0
0.413618136,0.9603,28,0
0.461563476,0.997,38,0
0.451725693,0.9963,10,1
0.463909572,0.9824,1,4
0.388876322,0.9341,8,23
0.427194962,0.8471,15,12
0.473023678,0.9755,2,0
0.473253401,0.9474,0,10
0.411897733,0.9715,10,0
0.437571788,0.9962,2,41
0.459255416,0.9934,16,13
0.443218136,0.987,0,8
0.412127204,0.891,12,8
0.408191184,0.9166,15,8
0.41291738,0.9629,13,0
0.385867254,0.9656,67,9
0.430841814,0.9701,27,14
0.402341562,0.9832,9,70
0.419683627,0.9702,9,26
0.460111335,0.956,0,4
0.474179597,0.9643,68,0
0.413850882,0.9785,15,15
0.382238035,0.9819,6,3
0.379423678,0.9205,8,29
0.394147355,0.9674,26,6
0.400971285,0.9394,4,7
0.381542317,0.9798,7,0
0.427590176,0.9931,0,7
0.417698741,0.9931,7,7
0.388134761,0.9851,17,6
0.406542317,0.9932,21,0
0.431566499,0.9921,22,0
0.425583375,0.9986,0,39
0.404204786,0.9669,22,0
0.396466247,0.9744,5,1
0.384416121,0.9857,22,0
0.392339043,0.9859,10,0
0.434370025,0.9438,9,14
0.374778338,0.9994,5,2
0.454240554,0.9841,10,19
0.446956171,0.9953,15,0
0.398377078,0.9954,7,7
0.405769521,0.9596,24,15
0.371516877,0.9854,29,13
0.372661965,0.9054,3,0
0.399946851,0.9768,25,14
0.374859446,0.9913,23,0
0.379348866,0.9194,0,15
0.393547607,0.9711,0,63
0.430927708,0.9527,0,28
0.368529471,0.9711,26,12
0.460877582,0.9757,0,25
0.393752141,0.9417,24,0
0.434559698,0.97,11,20
0.42786398,0.995,0,0
0.518500252,0.9978,28,20
0.412297733,0.9688,0,12
0.395046599,0.9859,8,11
0.394518136,0.9784,16,7
0.344176322,0.9694,37,6
0.402023929,0.9589,3,73
0.427694458,0.9989,20,0
0.364879345,0.9959,12,26
0.381656171,0.9914,9,4
0.432811335,0.9962,34,1
0.437183627,0.9725,13,8
0.349816625,0.9986,16,0
0.454375819,0.9644,2,9
0.375530227,0.9626,41,10
0.425126448,0.9966,8,29
0.431397733,0.9116,29,0
0.395771537,0.997,19,30
0.377926952,0.9966,9,8
0.471516121,0.9913,31,54
0.418639295,0.9923,37,14
0.401126448,0.9973,30,0
0.375932494,0.9822,7,63
0.427238035,0.9409,1,10
0.439090428,0.9902,12,14
0.39635466,0.9528,15,14
0.384971285,0.9929,19,8
0.387250378,0.985,6,3
0.471498489,0.9616,1,1
0.424082116,0.9715,0,23
0.372268262,0.9417,68,38
0.36832796,0.9574,12,45
0.424387154,0.9733,10,5
0.457937028,0.9884,35,0
0.36683602,0.9778,31,23
0.390612343,0.9175,7,10
0.432759446,0.9964,15,18
0.414349874,0.9866,15,31
0.362772544,0.9885,31,19
0.391900504,0.9548,21,6
0.433287909,0.996,11,2
0.346008564,0.996,77,10
0.416669521,0.9896,44,10
0.375560202,0.9918,19,10
0.425566247,0.9958,21,44
0.475242065,0.9859,0,14
0.451597229,0.996,13,8
0.376925189,0.9925,54,14
0.444251134,0.9895,7,42
0.460122922,0.956,16,10
0.388665995,0.9676,0,16
0.373829219,0.991,4,30
0.415816877,0.9853,40,0
0.480411587,0.9624,0,35
0.428276826,0.9684,38,2
0.432380353,0.9834,31,0
0.430654912,0.9967,9,0
0.349985894,0.9644,101,17
0.390412091,0.9992,3,13
0.443509824,0.9813,0,41
0.405874559,0.9117,8,0
0.389910327,0.9501,1,0
0.411407557,0.9543,27,4
0.419089421,0.9754,22,1
0.424245088,0.9978,0,0
0.487141562,0.9286,0,0
0.471357179,0.9645,0,0
0.377848363,0.986,26,92
0.375363476,0.8339,6,0
0.394770529,1,15,0
0.485066751,0.9825,0,2
0.434307053,0.9337,36,3
0.460525441,0.9628,0,0
0.39533728,0.941,32,0
0.381924181,0.9728,36,25
0.445515365,0.959,44,9
0.42971335,0.9758,0,20
0.405654156,0.9006,2,0
0.518698741,0.9875,10,0
0.421182368,0.9793,51,1
0.415038791,0.9248,5,9
0.359868514,0.9953,53,26
0.414623174,0.9652,40,0
0.461921159,0.9741,0,0
0.382643829,0.9266,33,11
0.386742317,0.9408,3,23
0.383636524,0.9944,57,1
0.395381108,0.9866,0,3
0.434896725,0.9921,9,8
0.431212091,0.9511,0,3
0.422791436,0.9661,6,0
0.416672292,0.9956,9,2
0.460108312,0.9837,1,5
0.380604534,0.9532,12,12
0.42773728,0.9832,0,20
0.421011335,0.9724,23,2
0.405656675,0.9956,8,29
0.482516625,0.9915,5,8
0.402623426,0.9996,68,42
0.397874307,0.9971,3,29
0.411392695,0.9997,80,14
0.375931234,0.9958,36,32
0.441561965,0.9992,15,2
0.451147355,0.9974,47,4
0.435060453,0.9981,9,0
0.371173552,0.9979,51,2
0.398165491,0.9998,2,57
0.443786398,0.9959,6,0
0.392037531,0.9011,40,14
0.414409824,0.9693,22,50
0.413884383,0.9429,0,48
0.39123073,0.9511,20,3
0.405505038,0.9831,28,0
0.423828212,0.9994,0,24
0.327372796,0.8489,40,8
0.39150403,0.9998,9,0
0.413048111,0.9962,22,7
0.400869018,0.9634,14,0
0.449917128,0.9953,6,17
0.405801008,0.982,18,12
0.450856423,0.8909,2,0
0.466603526,0.9908,0,0
0.404338287,0.8726,9,6
0.370877834,0.9974,11,13
0.421170277,0.9525,13,6
0.443216373,0.9666,23,0
0.473499496,0.9562,0,0
0.432495718,0.9878,0,0
0.416195214,0.9461,2,6
0.437599748,0.9919,7,7
0.386876574,0.9264,0,29
0.399267758,0.9859,0,9
0.457771788,0.9902,28,0
0.385594458,0.9355,66,18
0.446747355,0.9935,7,13
0.358806801,0.9634,64,0
0.430183123,0.9989,43,0
0.408988413,0.9412,0,19
0.461024181,0.9321,0,65
0.37886398,0.9507,10,35
0.362147103,0.9969,11,13
0.403225693,1,18,4
0.403552141,0.9016,46,0
0.399776071,0.9926,41,18
0.466455164,0.9715,0,0
0.45982796,0.9919,13,0
0.399561461,0.9316,4,9
0.448712846,0.9957,17,0
0.449742569,0.9961,5,23
0.430351637,0.9772,23,5
0.404197481,0.9485,0,9
0.444130227,0.9845,0,5
0.426542821,0.9896,5,0
0.415215617,0.9995,7,3
0.315532997,0.9108,10,51
0.312438791,0.9907,0,26
0.418224433,0.9485,12,7
0.394348615,0.9971,22,0
0.448459194,0.9774,20,0
0.39143073,0.9987,7,1
0.388084635,0.9924,6,1
0.364481864,0.9938,17,20
0.363098489,0.9637,12,8
0.422703526,0.9687,8,19
0.422246096,0.9618,2,14
0.398038539,0.9471,5,8
0.430865491,0.9594,8,6
0.370961461,0.8913,16,0
0.446563728,0.9751,4,0
0.413309068,0.9394,11,18
0.384470277,0.9759,6,15
0.421634761,0.9954,29,18
0.41517733,1,6,19
0.379867003,0.9934,12,26
0.39689597,0.9912,11,6
0.379461461,0.9712,38,13
0.431535516,0.9886,0,15
0.422119144,1,65,16
0.365939295,0.9791,25,8
0.433774811,0.9404,4,0
0.40413073,0.825,15,13
0.386201763,0.9581,12,7
0.404520655,0.9809,3,8
0.409914358,0.9457,0,12
0.408202015,0.9808,71,7
0.400074055,0.9646,8,0
0.420466247,0.9792,4,0
0.409007305,0.9409,0,0
0.370836272,0.9744,0,19
0.409712343,0.9989,29,9
0.44916927,0.9981,40,0
0.427205038,0.9849,0,2
0.307735264,0.9947,16,15
0.406864987,0.984,0,0
0.485513602,0.9725,0,1
0.435664484,0.9639,2,3
0.424263728,0.987,11,19
0.452604786,0.9955,9,0
0.414912594,0.9936,37,12
0.452980856,0.9936,5,12
0.376737028,0.9875,1,9
0.391053904,0.9992,13,0
0.42932796,0.8866,0,16
0.434984383,0.9785,0,0
0.469314861,0.9902,9,0
0.380731486,0.983,16,5
0.360241814,0.9788,24,5
0.464942821,0.9947,0,2
0.434671033,0.9935,0,0
0.41136272,0.9581,0,13
0.403402015,0.9559,8,16
0.461589169,0.9759,0,37
0.392551889,0.9955,3,0
0.432592191,0.9992,11,0
0.469611587,0.9991,11,0
0.414289924,0.9885,0,51
0.366977582,0.9678,17,34
0.374416121,0.9728,4,22
0.350239295,0.9817,77,26
0.354750378,0.9087,61,6
0.437393199,0.9833,1,5
0.4183267,0.991,0,0
0.397965491,0.9771,0,0
0.413583879,0.9602,0,0
0.368825441,0.9036,23,1
0.401065743,0.9895,40,4
0.450935013,0.9994,9,9
0.381555416,0.9969,0,40
0.407427456,0.9953,35,5
0.483381864,0.998,12,6
0.327399748,0.9846,10,1
0.406422166,0.9969,36,0
0.365783627,0.9847,26,15
0.414882368,0.9889,21,11
0.443303023,0.9909,0,0
0.432949118,0.9412,10,0
0.415324433,0.9358,50,17
0.420424937,0.939,21,50
0.399098741,0.9874,0,10
0.392028715,0.9724,9,15
0.426702015,0.9985,21,17
0.461016877,0.9768,4,0
0.37239471,0.9865,6,10
0.357506549,0.9922,25,6
0.372393955,0.9996,71,17
0.38067733,0.9984,41,34
0.444472796,0.9926,5,12
0.44011864,0.9784,0,0
0.435156171,0.9989,23,0
0.469729975,0.9558,14,0
0.374102771,0.9869,9,12
0.38740403,0.9429,62,8
0.408401763,0.9954,5,30
0.441007809,0.9951,26,22
0.342561965,0.984,7,5
0.437887909,0.9731,4,0
0.436993451,0.9528,0,14
0.399441562,0.9633,0,42
0.459437028,0.9741,14,14
0.397733501,0.9759,29,11
0.404083627,0.9992,11,23
0.447998237,0.9632,21,19
0.39231335,0.9998,3,13
0.367333249,0.9998,13,10
0.392411083,0.8549,18,7
0.409985139,0.9778,0,0
0.409836272,0.9958,13,16
0.42660806,0.977,14,61
0.452618892,0.981,64,46
0.406028212,0.9378,13,8
0.425535516,0.9708,2,0
0.383411335,0.9983,7,2
0.389663476,0.9357,14,18
0.374553652,0.9998,31,0
0.376367003,0.9741,64,127
0.40629471,0.9995,11,12
0.390823174,0.9038,0,22
0.341232746,0.9977,9,26
0.376926952,0.8815,17,0
0.39789194,0.8957,11,0
0.409932997,0.9884,0,0
0.405767003,0.9801,54,0
0.4349733,0.9886,7,1
0.38969597,0.9847,16,0
0.374127456,0.9812,15,6
0.451077582,0.9991,10,0
0.419899496,0.9914,4,22
0.42915466,0.9765,7,12
0.372244836,0.9941,40,15
0.395876071,0.9677,10,0
0.309542821,0.9973,14,70
0.448141058,0.9898,22,0
0.401233753,0.9932,0,0
0.410205542,0.9815,4,19
0.358772796,0.9673,55,55
0.372064484,0.9357,0,120
0.447612091,0.9493,32,0
0.388198992,0.9897,13,19
0.405386146,0.9982,11,2
0.410108312,0.9928,9,8
0.442166247,0.9882,6,0
0.386745088,0.9905,0,20
0.410691184,0.985,6,0
0.381041058,0.98,0,9
0.403998741,0.9909,0,8
0.440010327,0.9679,5,0
0.390309572,0.9705,21,0
0.415399244,0.9935,16,44
0.398570025,0.9809,24,0
0.356783627,0.9938,0,8
0.424021411,0.982,35,109
0.300195718,0.9914,76,0
0.30526801,0.9914,8,12
0.455332242,0.9963,24,0
0.461704786,0.9891,28,0
0.405345592,0.9674,56,12
0.384138035,0.987,71,1
0.490387909,0.9995,50,3
0.428469018,0.9943,13,29
0.429115617,0.9815,0,2
0.470900252,0.978,15,7
0.42105995,0.9696,108,23
0.401690428,0.9904,26,6
0.353804786,0.9789,21,0
0.4007733,0.97,8,28
0.349354156,0.9411,7,6
0.457127456,0.9501,94,0
0.487828967,0.9481,61,0
0.410226448,0.9998,5,17
0.450306549,0.9992,1,0
0.449748615,0.9782,36,57
0.405480605,0.9829,35,10
0.432573048,0.9804,0,46
0.336766751,0.9315,35,57
0.610328212,0.9932,0,4
0.449234257,0.9985,6,8
0.383626448,0.9964,11,110
0.44315063,0.9967,6,9
0.411099748,0.9462,3,7
0.45030403,0.9195,0,0
0.46970403,0.9776,9,0
0.354332494,0.9717,14,11
0.389061965,0.9998,17,18
0.406684887,0.9536,0,6
0.391170529,0.9975,19,14
0.422944332,0.9896,16,0
0.368580101,0.9985,19,11
0.515034761,0.9947,0,0
0.384224685,0.999,20,28
0.348588665,0.9919,22,25
0.396770277,0.9925,0,7
0.431227708,0.9957,8,17
0.442514358,0.9906,8,0
0.391558186,0.9072,0,33
0.461025441,0.9712,10,20
0.422401511,0.9839,10,5
0.343151134,0.9682,0,17
0.416421662,0.9489,9,77
0.380225441,0.9985,25,6
0.382434509,0.9939,9,5
0.410920151,0.9809,0,0
0.415974307,0.9982,6,58
0.380468262,0.9988,56,8
0.457515365,0.9897,46,8
0.446060202,0.9895,39,8
0.458181864,0.9883,0,37
0.411407305,0.9662,4,21
0.378977078,0.9378,21,12
0.390935013,0.9582,10,10
0.39853602,0.8723,68,9
0.392685894,0.9979,3,9
0.414712846,0.9592,9,7
0.4428,0.997,29,6
0.414445592,0.9782,18,0
0.430936776,0.9199,0,4
0.339222166,0.9217,54,10
0.374268766,0.9946,1,37
0.365223678,0.9908,37,17
0.43841738,0.9934,2,0
0.436497733,0.9919,0,22
0.389951385,0.9639,25,0
0.35278262,0.997,11,14
0.338199496,0.9566,21,28
0.398998489,0.9537,10,2
0.419674811,0.9589,0,0
0.432377582,0.9954,61,0
0.476780605,0.9998,35,9
0.424374559,0.9896,39,9
0.30876398,0.9898,44,19
0.403339043,0.921,0,8
0.394304282,0.9502,17,0
0.409181612,0.9873,6,0
0.408793199,0.8842,0,0
0.400235013,0.9324,0,20
0.412414861,0.9945,33,1
0.379835013,0.9957,108,10
0.400069773,0.9679,30,20
0.392091688,0.9493,13,13
0.437111083,0.9579,0,0
0.405959698,0.8512,9,26
0.382798741,0.9554,6,26
0.421040302,0.9998,16,9
0.469243829,0.9862,0,0
0.404235264,0.9911,0,24
0.372178841,0.9806,18,27
0.405454156,0.9796,23,96
0.408868262,0.9777,74,4
0.405121411,0.9977,16,0
0.383023174,0.8161,7,2
0.50529471,0.9938,17,0
0.404796222,0.994,4,14
0.386606297,0.8529,7,6
0.441324433,0.9802,0,9
0.365095718,0.9941,6,0
0.44666801,0.9942,4,0
0.463818136,0.9702,7,0
0.380912846,0.8186,15,0
0.264809068,0.9886,33,0
0.35346398,0.9944,23,29
0.386767506,0.974,6,3
0.422885642,0.9775,5,11
0.414353652,0.9711,45,7
0.382900504,0.9577,10,0
0.419921159,0.9888,4,0
0.429630227,0.9329,7,0
0.435657179,0.9705,52,0
0.46451461,0.9897,0,6
0.373947607,0.9875,9,40
0.33369471,0.9797,78,96
0.499260453,0.9911,0,15
0.381495214,0.9795,42,9
0.36155063,0.9967,58,2
0.412956423,0.9483,21,0
0.466420151,0.9844,16,0
0.400833249,0.9717,10,0
0.47953602,0.9456,0,6
0.40190403,0.9978,9,18
0.459500252,0.967,0,16
0.387882116,0.9932,8,61
0.377209824,0.9824,0,27
0.397100504,0.9609,38,31
0.419091184,1,5,0
0.429323174,0.9999,1,14
0.431384887,0.9952,10,2
0.432149622,0.9724,3,2
0.38971864,0.9719,34,18
0.416831234,0.9919,14,12
0.452574055,0.9241,7,0
0.397701511,0.9629,28,0
0.41024005,0.964,18,4
0.464542065,0.9964,11,0
0.373088413,0.9992,113,76
0.488313098,0.9915,33,8
0.428472292,0.9697,19,4
0.364938035,0.9907,0,54
0.341161461,0.9995,9,80
0.454544836,0.9614,0,0
0.379749622,0.8825,27,11
0.392474307,0.972,13,13
0.390323678,0.9747,4,10
0.358888665,0.9852,12,18
0.380203778,0.9989,11,15
0.442063224,0.9884,0,0
0.408209824,0.9974,6,18
0.420384887,0.9843,7,0
0.456339043,0.992,0,12
0.443007053,0.9863,38,7
0.468980856,0.9684,7,47
0.39516927,0.9925,15,33
0.528864232,0.9915,0,0
0.507260957,0.993,8,0
0.338499748,0.9905,12,0
0.462303778,0.9735,0,2
0.389536524,0.9977,22,9
0.485722418,0.9991,40,0
0.431256171,0.9876,22,7
0.367605542,0.9746,1,0
0.368844584,0.9998,0,28
0.327806801,0.9668,81,26
0.435220403,0.9751,31,0
0.399960453,0.8271,13,17
0.419161461,0.9851,7,3
0.380302519,0.8085,21,18
0.399027708,0.9699,23,8
0.384944584,0.9569,26,19
0.403675315,0.9861,0,26
0.466245088,0.9992,0,7
0.440606297,0.9926,8,23
0.410222922,0.9851,2,6
0.403705542,0.9222,32,0
0.401786398,0.9908,0,0
0.481763224,0.9983,0,13
0.351436272,0.8845,0,6
0.404453401,0.927,34,0
0.346621411,0.8839,14,5
0.340151134,0.952,3,18
0.439199496,0.9879,13,0
0.399911839,0.9793,0,8
0.427630982,0.9715,31,0
0.403509572,0.8576,34,8
0.385860202,0.9554,90,26
0.382622166,0.9936,11,26
0.383252141,0.998,0,7
0.364332494,0.9791,44,85
0.409376322,0.9986,78,3
0.407312343,0.9817,28,54
0.396582872,0.9977,12,47
0.444829471,0.99,12,44
0.343873552,0.987,19,17
0.419645592,0.9801,43,18
0.340003778,0.8769,21,0
0.428980353,0.9833,11,0
0.433624181,0.9752,19,4
0.426035264,0.9752,7,11
0.396649874,0.9735,0,8
0.437507809,0.9393,0,0
0.37567733,0.9252,16,13
0.427962469,0.9296,0,0
0.423119899,0.984,0,7
0.490785894,0.9949,0,15
0.411869018,0.986,0,22
0.410076574,0.9845,8,20
0.429881864,0.9848,18,8
0.360278589,0.9808,8,0
0.420799244,0.9776,8,0
0.435546599,0.9904,9,7
0.418833249,0.9392,56,0
0.396180353,0.9984,0,18
0.435802015,0.9855,21,3
0.412445088,0.9204,0,14
0.471274055,0.9724,11,0
0.430928463,0.9911,16,0
0.459897481,0.9436,12,0
0.45484131,0.9653,6,0
0.436051134,0.9903,0,0
0.457643577,0.9463,10,0
0.43476398,0.9734,0,16
0.353912343,0.9828,52,0
0.36636272,0.9912,9,18
0.529113098,0.9881,4,23
0.443702267,0.9935,10,19
0.451664736,0.9957,9,0
0.497474307,0.9843,13,1
0.48038262,0.9916,8,13
0.408769521,0.9939,9,2
0.363312594,0.8896,47,8
0.412401008,0.986,0,23
0.407599496,0.9952,20,14
0.472688413,0.94,0,0
0.395465239,0.9594,0,6
0.403051134,0.9996,11,1
0.418877078,0.918,0,20
0.390275063,0.9875,25,8
0.399727456,0.9192,9,17
0.485186146,0.957,2,0
0.399146599,0.9465,0,7
0.367031486,0.9985,0,3
0.397756423,0.9696,17,6
0.423239043,0.9716,32,4
0.435410579,0.9995,14,10
0.484406801,0.9995,7,9
0.400735516,0.9976,12,0
0.427079597,0.9991,9,12
0.401925441,0.9935,22,0
0.379732494,0.9979,19,15
0.518521159,0.9936,0,0
0.39690806,0.9733,16,0
0.367648615,0.9897,0,136
0.433200504,0.9954,17,0
0.403810076,0.9754,0,1
0.42072267,0.9989,2,9
0.402171788,0.9909,7,3
0.448619899,0.9685,12,14
0.376834509,0.9977,15,7
0.421138539,0.9555,5,35
0.416783375,0.9413,4,0
0.394428212,0.9995,9,22
0.420378086,0.9732,13,0
0.447560202,0.9506,18,2
0.464373048,0.989,0,2
0.429396474,0.9409,19,0
0.390084635,0.9482,26,13
0.401398489,0.9723,7,9
0.367050882,0.9981,2,51
0.405864987,0.9774,25,0
0.468037531,0.9941,0,61
0.434177834,0.9968,19,0
0.422927708,0.9565,6,0
0.488288413,0.9994,7,0
0.465567506,0.9832,8,4
0.40544937,0.9432,10,33
0.33885995,1,57,0
0.437644584,0.9776,12,0
0.415779093,0.994,0,10
0.500639043,0.9972,9,3
0.452934761,0.9894,8,0
0.403882872,0.9973,3,15
0.360729723,0.9967,28,0
0.378852393,0.9896,0,30
0.476587657,0.8752,32,0
0.367594962,0.99,28,2
0.37812796,0.9027,10,35
0.390476574,0.9898,24,0
0.45694005,0.8987,0,0
0.403016373,0.9782,2,11
0.363284383,0.9994,78,28
0.409123678,0.8351,16,18
0.447205793,0.9788,45,0
0.379715869,0.9991,12,27
0.394500504,0.9444,0,0
0.439699748,0.9992,10,14
0.468031738,0.999,0,0
0.379294207,0.9994,21,7
0.398453904,0.9456,13,8
0.451690932,0.9995,22,18
0.41591864,0.9807,61,0
0.434300504,0.98,4,7
0.453545592,0.9813,23,14
0.437542065,0.953,1,23
0.332722166,0.9413,18,28
0.37464131,0.9834,30,16
0.36558262,0.9886,63,0
0.374156675,0.9993,6,18
0.401893955,0.9404,23,11
0.422683375,0.9778,15,35
0.386442569,0.9899,35,102
0.423106549,0.9923,19,5
0.400998237,0.9762,9,1
0.407629723,0.9778,1,9
0.504510327,0.9608,18,0
0.368208312,0.9992,49,9
0.41496398,0.9902,46,18
0.422096222,0.974,12,4
0.400147103,0.9907,0,17
0.4071267,0.9472,6,0
0.43730806,0.9984,13,8
0.376966499,0.9609,53,5
0.416399244,0.9786,11,4
0.42331864,0.9792,6,0
0.390330227,0.9512,40,19
0.378021914,0.9931,51,30
0.440130479,0.9335,14,32
0.402102267,0.9874,28,52
0.408984887,0.9398,15,33
0.414138539,0.9912,14,6
0.439196222,0.9534,0,0
0.442912846,0.9812,23,61
0.464294458,0.9618,36,0
0.383378086,0.951,7,0
0.423611335,0.9986,0,11
0.409361713,0.9885,2,10
0.370646096,0.9978,18,8
0.4742267,0.9959,0,17
0.417215617,0.9851,6,21
0.406315113,0.9999,23,30
0.43124005,0.992,0,8
0.445131738,0.9581,0,15
0.41142796,0.9939,44,87
0.39443728,0.9676,35,88
0.424956423,0.9365,78,0
0.468095214,0.9973,13,13
0.412897733,0.8974,0,13
0.450897733,0.9987,3,0
0.369521662,0.9635,12,0
0.424930479,0.9736,10,2
0.432543577,0.9871,19,0
0.443406549,0.9286,7,7
0.47150932,0.9978,11,0
0.427301511,0.9968,0,1
0.456049118,0.9395,0,12
0.462629471,0.9279,0,12
0.459710831,0.9875,0,4
0.401978086,0.9726,35,0
0.397660202,0.9894,30,0
0.413689673,0.8948,22,28
0.425432997,0.968,38,8
0.463461965,0.899,0,16
0.377796725,0.9906,8,15
0.475414106,0.9826,106,16
0.47521461,0.9966,0,11
0.397848111,0.9159,3,11
0.374532242,0.9489,3,15
0.380455416,0.9488,0,1
0.441804534,0.9424,14,0
0.396675567,0.997,11,7
0.425956423,0.9866,17,0
0.456435013,0.9947,10,0
0.414015617,0.8351,8,12
0.344798237,0.9974,11,10
0.412265743,0.9949,0,10
0.440229723,0.9929,12,0
0.436487406,0.9735,0,10
0.435076071,0.9998,30,0
0.401694207,0.9689,8,0
0.380536776,0.9026,7,10
0.46824005,0.9901,0,8
0.402847859,0.9978,67,63
0.402363476,0.9998,9,25
0.420168766,0.9862,18,30
0.413924181,0.9271,18,12
0.384174559,0.9996,8,39
0.397787657,0.9911,12,0
0.32861864,0.9871,18,65
0.397210579,0.9481,7,14
0.389034509,0.968,10,14
0.413815365,0.9926,0,6
0.450675315,0.9815,18,15
0.34940529,0.9972,3,34
0.48022267,0.9828,0,34
0.482648615,0.982,11,24
0.424335516,0.9615,0,10
0.417410831,0.9514,1,10
0.386431486,0.969,11,22
0.395087909,0.9995,1,10
0.385208816,0.9961,11,9
0.451201259,0.9885,0,0
0.413322922,0.8759,12,14
0.424280856,0.9922,17,4
0.445883123,1,5,9
0.453359698,0.9863,21,10
0.459173552,0.976,12,4
0.381127456,0.9908,9,18
0.459542569,0.9956,29,14
0.385008312,0.9781,18,5
0.381603778,0.887,32,15
0.397675315,0.9334,38,16
0.445490176,0.9614,6,32
0.451764736,0.9903,19,12
0.469617128,0.978,30,8
0.435155416,0.9905,8,0
0.482727456,0.9924,8,10
0.37847204,0.9587,65,81
0.369348615,0.9707,12,22
0.368529723,0.9996,19,18
0.392848111,0.9649,20,0
0.402873048,0.9993,52,15
0.434251637,0.9976,0,3
0.455518892,0.9296,0,0
0.395982872,0.9952,0,0
0.3687,0.9749,62,20
0.382534257,0.9768,87,41
0.362873804,0.9953,33,51
0.377011839,0.9665,31,0
0.396793955,0.9965,67,24
0.412133249,0.9967,35,3
0.414182872,0.9383,4,2
0.405087154,0.9529,17,0
0.27435063,0.9474,0,11
0.436543325,0.9843,0,13
0.429139295,0.9653,8,13
0.362291688,0.9983,73,49
0.397334761,0.9975,67,0
0.348510327,0.9864,15,6
0.357213602,0.974,21,6
0.538324181,0.9657,7,0
0.394303275,0.9934,43,2
0.473088413,0.9853,0,64
0.458917128,0.9967,67,0
0.431162469,0.9864,4,16
0.430178841,0.9988,4,0
0.430664232,0.9598,2,13
0.422552645,0.9561,2,22
0.397657683,0.999,0,0
0.450331486,0.9772,9,5
0.413319647,0.8977,9,6
0.433627456,0.9744,20,10
0.401938791,0.9504,9,21
0.433448866,0.9938,0,0
0.372503778,0.9654,42,38
0.353774559,0.9789,20,0
0.432005038,0.9401,18,4
0.433010327,0.9961,13,0
0.409692947,0.9985,9,12
0.396064736,0.9876,8,15
0.272162469,0.8088,14,10
0.395547355,0.9712,13,21
0.414215617,0.9338,14,0
0.432288665,0.9937,14,9
0.418634005,0.9689,38,17
0.397890932,0.9942,11,16
0.386225693,0.9337,10,46
0.418328212,0.9751,3,16
0.38693728,0.9941,4,0
0.452352141,0.9889,6,0
0.483332746,0.9814,21,12
0.41918665,0.9397,52,0
0.428380605,0.9614,11,0
0.420825441,0.9759,37,21
0.343328967,0.9648,8,0
0.409215113,0.9793,0,4
0.34586927,0.9484,30,51
0.449471788,0.9924,5,2
0.487412594,0.9855,27,10
0.404046096,0.9999,22,0
0.393450126,0.9999,9,0
0.582570277,0.9892,0,0
0.404779345,0.994,2,6
0.414650882,0.9869,9,15
0.481983627,0.998,0,56
0.579859698,0.9928,0,0
0.554815617,0.9912,11,0
0.375435013,0.9988,13,84
0.429498489,0.9883,5,6
0.430803778,0.9123,0,7
0.462067506,0.9619,2,0
0.461206297,0.993,0,13
0.382953149,0.9761,0,20
0.432281612,0.9766,12,0
0.421738035,0.9802,0,1
0.3870733,0.9961,21,17
0.421495718,0.9262,5,9
0.47573199,0.9928,7,2
0.442287909,0.9924,7,0
0.411563224,0.9924,5,0
0.461890428,0.9852,22,21
0.35458539,0.9604,0,15
0.477563224,0.9936,20,0
0.398141814,0.9771,47,0
0.405109824,0.894,69,0
0.381181108,0.9832,0,19
0.374658438,0.9787,11,23
0.446470529,0.9922,37,14
0.307665239,0.9409,33,11
0.427994207,0.9861,13,0
0.438952897,0.9909,6,4
0.382719395,0.9972,0,95
0.465074307,0.9904,44,1
0.439749118,0.9668,10,0
0.369819144,0.9979,10,12
0.436335264,0.9328,69,16
0.465364987,0.9983,37,15
0.43703073,0.9064,7,0
0.431415869,0.9277,17,0
0.38916272,0.9985,36,10
0.37031335,0.9985,42,16
0.394602771,0.9997,11,11
0.484952141,0.9775,1,6
0.427359446,0.9545,1,17
0.37681461,0.999,6,28
0.421496977,0.865,5,8
0.452879849,0.9947,2,0
0.368890932,0.9846,98,0
0.398741058,0.9947,0,18
0.475082368,0.9454,56,0
0.385269018,0.9885,83,6
0.451725441,0.9724,24,31
0.381638539,0.9928,17,17
0.31344005,0.9855,68,13
0.386943829,0.9977,46,0
0.386546096,0.9987,17,0
0.395073552,0.9191,10,0
0.424435516,0.9989,22,0
0.443501511,0.9973,14,19
0.40922267,0.9963,7,0
0.489476322,0.9976,0,37
0.415339043,0.9807,13,14
0.364892191,0.9359,92,9
0.404208312,0.9558,9,3
0.396461713,0.9608,10,22
0.408760705,0.9802,0,29
0.472937783,0.9694,2,73
0.514296977,0.9652,0,20
0.449045592,0.9893,10,0
0.42148136,0.9932,13,6
0.449136776,0.996,11,0
0.430724433,0.9764,51,4
0.296855668,0.9472,24,15
0.469995214,0.9947,23,0
0.413521914,0.9981,27,0
0.408359446,0.9406,12,8
0.368614358,0.9511,25,2
0.385601259,0.8861,20,21
0.396893955,0.8747,14,3
0.523084635,0.9962,0,0
0.36097204,0.9563,5,15
0.341089673,0.8859,27,7
0.414213098,0.9105,6,0
0.375468766,0.9328,24,0
0.370673804,0.9736,15,10
0.3842,0.8803,35,9
0.371531738,0.9866,46,14
0.377222922,0.9859,27,0
0.47331738,0.9993,26,0
0.426540554,0.9927,5,0
0.402146348,0.998,14,15
0.342553149,0.9917,10,20
0.359404786,0.9717,12,112
0.457945592,0.9886,4,3
0.403476574,0.9119,2,29
0.384419647,0.9951,13,0
0.450881612,0.9895,46,0
0.410838539,0.9911,11,0
0.338302267,0.945,23,26
0.33808136,0.9405,29,20
0.423753401,0.9998,4,14
0.369417632,0.9987,2,0
0.397144584,0.8579,0,0
0.38819471,0.9887,27,5
0.409178086,0.8995,27,8
0.415341562,0.9725,5,0
0.393462469,0.9991,20,11
0.467156423,0.9414,13,2
0.442018892,0.9795,18,3
0.387987406,0.9797,33,0
0.393155668,0.9837,32,0
0.477428463,0.9566,20,7
0.356435013,0.9885,26,5
0.453878338,0.9971,23,0
